https://www.budgetgolf.com/club-champ-6-5-inch-stand-bag/p,2023-12-11T17:37:13.822Z
https://www.budgetgolf.com/cmc-design-mallet-putter-cover-south-carolina/p,2023-12-11T17:37:13.822Z
https://www.budgetgolf.com/cmc-design-blade-putter-cover-florida/p,2023-12-11T17:37:13.822Z
https://www.budgetgolf.com/adidas-womens-eqt-spikeless-golf-shoes-2022/p,2023-12-11T17:37:13.822Z
https://www.budgetgolf.com/ping-womens-iconic-golf-hat/p,2023-12-11T17:37:13.822Z
https://www.budgetgolf.com/tourney-knits-piped-pocket-polo/p,2023-12-11T17:37:13.822Z
https://www.budgetgolf.com/columbia-omni-tech-match-play-rain-jacket/p,2023-12-11T17:37:13.822Z
https://www.budgetgolf.com/cuater-by-travismathew-voodoo-belt/p,2023-12-11T17:37:13.822Z
https://www.budgetgolf.com/subtle-patriot-covert-fitted-hat-21/p,2023-12-11T17:37:13.822Z
https://www.budgetgolf.com/callaway-uv-50-umbrella/p,2023-12-11T17:37:13.822Z
https://www.budgetgolf.com/odyssey-make-it-rain-blade-putter-cover/p,2023-12-11T17:37:13.822Z
https://www.budgetgolf.com/tour-edge-hot-launch-e521-fairway-wood/p,2023-12-11T17:37:13.822Z
https://www.budgetgolf.com/hyi-usa-helical-q-lok-cleats-with-wrench/p,2023-12-11T17:37:13.822Z
https://www.budgetgolf.com/sun-mountain-womens-zephyr-lt-jacket-20/p,2023-12-11T17:37:13.822Z
https://www.budgetgolf.com/sun-mountain-speed-cart-v1r-push-cart/p,2023-12-11T17:37:13.822Z
https://www.budgetgolf.com/footjoy-womens-engineered-jersey-half-zip-pullover/p,2023-12-11T17:37:13.822Z
https://www.budgetgolf.com/adidas-adicross-fleece-pants/p,2023-12-11T17:37:13.822Z
https://www.budgetgolf.com/sunice-hamilton-climaloft-thermal-jacket/p,2023-12-11T17:37:13.822Z
https://www.budgetgolf.com/callaway-tour-golf-towel/p,2023-12-11T17:37:13.822Z
https://www.budgetgolf.com/callaway-womens-dawn-patrol-glove/p,2023-12-11T17:37:13.822Z
https://www.budgetgolf.com/sun-mountain-vx-stand-bag-22/p,2023-12-11T17:37:13.822Z
https://www.budgetgolf.com/nike-womens-dri-fit-uv-floral-emboss-6-shorts/p,2023-12-11T17:37:13.822Z
https://www.budgetgolf.com/sun-mountain-canvas-leather-cart-bag-21/p,2023-12-11T17:37:13.822Z
https://www.budgetgolf.com/cutter-and-buck-altitude-quilted-jacket/p,2023-12-11T17:37:13.822Z
https://www.budgetgolf.com/puma-womens-quilted-primaloft-vest/p,2023-12-11T17:37:13.822Z
https://www.budgetgolf.com/club-booster-v2-big-max/p,2023-12-11T17:37:13.822Z
https://www.budgetgolf.com/puma-looping-golf-polo/p,2023-12-11T17:37:13.822Z
https://www.budgetgolf.com/cleveland-womens-launcher-xl-halo-fairway-wood/p,2023-12-11T17:37:13.822Z
https://www.budgetgolf.com/super-stroke-traxion-pistol-gt-tour-putter-grips/p,2023-12-11T17:37:13.822Z
https://www.budgetgolf.com/sun-mountain-tour-series-cart-bag-22/p,2023-12-11T17:37:13.822Z